"Qty";"Value";"Device";"Package";"Parts";"Description";"";
"3";"";"ML10LP-V";"10LP-V";"X4, X10, X16";"IEC 60603-13 IDC male header, pitch 100mil";"";
"3";"";"PINHD-1X11";"1X11";"JP2, JP4, JP6";"PIN HEADER";"";
"3";"";"PINHD-1X13";"1X13";"JP1, JP3, JP5";"PIN HEADER";"";
"9";"150uH";"WE-PD_1210_7447709151";"WE-PD_1210";"L1, L2, L3, L4, L5, L6, L7, L8, L9";"WE-PD SMT Power Inductor";"";
"9";"1nF";"C-USC0603";"C0603";"C5, C6, C7, C12, C13, C14, C19, C20, C21";"CAPACITOR, American symbol";"";
"3";"3300uF";"CPOL-USE7.5-18";"E7,5-18";"C1, C8, C15";"POLARIZED CAPACITOR, American symbol";"";
"3";"39114000000";"TE5";"TE5";"F1, F2, F3";"FUSE";"";
"9";"470pF";"C-USC0603";"C0603";"C2, C3, C4, C9, C10, C11, C16, C17, C18";"CAPACITOR, American symbol";"";
"9";"560";"R-US_R0603";"R0603";"R1, R2, R3, R4, R5, R6, R7, R8, R9";"RESISTOR, American symbol";"";
"3";"ESDA14V2SC6";"ESDA14V2SC6";"SOT95P280X145-6N";"U1, U2, U3";"None Check availability";"";
"3";"JST-XH-02-PIN-LONG-PAD";"JST-XH-02-PIN-LONG-PAD";"JST-XH-02-PACKAGE-LONG-PAD";"X5, X11, X17";"JST XH Connector 2 Pin";"";
"6";"JST-XH-03-PIN-LONG-PAD";"JST-XH-03-PIN-LONG-PAD";"JST-XH-03-PACKAGE-LONG-PAD";"X2, X6, X8, X12, X14, X18";"JST XH Connector 2 Pin";"";
"3";"JST-XH-04-PIN-LONG-PAD";"JST-XH-04-PIN-LONG-PAD";"JST-XH-04-PACKAGE-LONG-PAD";"X7, X13, X19";"JST XH Connector 2 Pin";"";
"3";"JST-XH-05-PIN-LONG-PAD";"JST-XH-05-PIN-LONG-PAD";"JST-XH-05-PACKAGE-LONG-PAD";"X3, X9, X15";"JST XH Connector 2 Pin";"";
"3";"PESD1CAN";"PESD1CAN";"SOT23";"D2, D4, D6";"CAN bus ESD protection diode";"";
"3";"SMBJ33A";"SUPPRESSOR-SMBJ";"SMBJ";"D1, D3, D5";"Suppressor diode";"";
"1";"TERMINAL-BLOCK-3.5MM-2-PIN-LONG-PAD";"TERMINAL-BLOCK-3.5MM-2-PIN-LONG-PAD";"TERMINAL-BLOCK-2-PIN-3.5MM-LONG-PAD";"X1";"Terminal Block 3.5mm";"";
